city,lat,lon,aqi_index,pm2_5,pm10,co,air_quality_label,timestamp,city_tier
Visakhapatnam,17.6868,83.2185,72,73.1,94.1,509.0,Moderate,2026-10-03 03:20:58,Tier-1
Bangalore,12.9716,77.5946,50,32.4,48.1,561.0,Good,2026-10-03 03:20:59,Metro
Mumbai,19.076,72.8777,45,24.5,25.9,671.0,Good,2026-10-03 03:20:59,Metro
Pune,18.5204,73.8567,47,27.2,35.4,496.0,Good,2026-10-03 03:21:00,Tier-1
Delhi,28.6139,77.209,79,78.9,190.5,1159.0,Moderate,2026-10-03 03:21:00,Metro
Chennai,13.0827,80.2707,51,34.6,50.6,249.0,Moderate,2026-10-03 03:21:00,Metro
Kolkata,22.5726,88.3639,67,63.8,81.7,496.0,Moderate,2026-10-03 03:21:01,Metro
Hyderabad,17.385,78.4867,63,50.5,78.0,573.0,Moderate,2026-10-03 03:21:01,Metro
Ahmedabad,23.0225,72.5714,41,16.4,17.9,528.0,Good,2026-10-03 03:21:01,Metro
Jaipur,26.9124,75.7873,42,18.2,26.8,311.0,Good,2026-10-03 03:21:02,Tier-1
Lucknow,26.8467,80.9462,66,61.9,104.8,438.0,Moderate,2026-10-03 03:21:02,Tier-1
Bhopal,23.2599,77.4126,44,22.7,31.1,591.0,Good,2026-10-03 03:21:03,Tier-1
Nagpur,21.1458,79.0882,57,44.7,71.7,403.0,Moderate,2026-10-03 03:21:03,Tier-1
Patna,25.5941,85.1376,66,61.7,87.1,696.0,Moderate,2026-10-03 03:21:03,Tier-1
Indore,22.7196,75.8577,47,26.7,37.5,768.0,Good,2026-10-03 03:21:04,Tier-1
Surat,21.1702,72.8311,52,36.2,36.4,618.0,Moderate,2026-10-03 03:21:04,Metro
Coimbatore,11.0168,76.9558,46,25.3,40.4,254.0,Good,2026-10-03 03:21:04,Tier-1
Chandigarh,30.7333,76.7794,57,44.1,49.9,1089.0,Moderate,2026-10-03 03:23:20,Tier-2
Varanasi,25.3176,82.9739,57,44.4,82.2,523.0,Moderate,2026-10-03 03:23:21,Tier-1
Agra,27.1767,78.0081,75,72.6,177.4,399.0,Moderate,2026-10-03 03:23:21,Tier-1
Ranchi,23.3441,85.3096,76,41.4,67.5,273.0,Moderate,2026-10-03 03:23:22,Tier-1
Mysore,12.2958,76.6394,47,27.3,39.5,323.0,Good,2026-10-03 03:23:22,Tier-2
Guwahati,26.1445,91.7362,64,54.1,61.0,386.0,Moderate,2026-10-03 03:23:22,Tier-2
Bhubaneswar,20.2961,85.8245,61,51.7,68.0,361.0,Moderate,2026-10-03 03:23:23,Tier-2
Amritsar,31.634,74.8723,87,108.5,143.9,797.0,Moderate,2026-10-03 03:23:23,Tier-1
Ludhiana,30.901,75.8573,78,86.1,105.2,996.0,Moderate,2026-10-03 03:23:23,Tier-1
Jodhpur,26.2389,73.0243,22,5.9,7.5,191.0,Good,2026-10-03 03:23:24,Tier-1
Udaipur,24.5854,73.7125,30,10.2,11.4,241.0,Good,2026-10-03 03:23:24,Tier-3
Kota,25.2138,75.8648,41,16.1,17.4,332.0,Good,2026-10-03 03:23:25,Tier-1
Thiruvananthapuram,8.5241,76.9366,58,26.0,34.5,255.0,Moderate,2026-10-03 03:23:25,Tier-2
Kozhikode,11.2588,75.7804,55,15.6,19.4,333.0,Moderate,2026-10-03 03:23:25,Tier-2
Thrissur,10.5276,76.2144,61,29.0,33.3,339.0,Moderate,2026-10-03 03:23:26,Tier-3
Madurai,9.9252,78.1198,43,19.6,34.3,293.0,Good,2026-10-03 03:23:26,Tier-1
Tiruchirappalli,10.7905,78.7047,45,22.9,38.3,246.0,Good,2026-10-03 03:23:26,Tier-2
Tirunelveli,8.7139,77.7567,41,16.1,25.2,182.0,Good,2026-10-03 03:25:42,Tier-3
Vijayawada,16.5062,80.648,58,47.3,68.2,214.0,Moderate,2026-10-03 03:25:43,Tier-1
Guntur,16.3067,80.4365,58,46.2,68.0,222.0,Moderate,2026-10-03 03:25:43,Tier-2
Nellore,14.4426,79.9865,53,37.3,56.0,181.0,Moderate,2026-10-03 03:25:43,Tier-2
Warangal,17.9784,79.5941,61,52.4,70.1,404.0,Moderate,2026-10-03 03:25:44,Tier-2
Rajkot,22.3039,70.8022,38,14.2,19.8,192.0,Good,2026-10-03 03:25:44,Tier-1
Vadodara,22.3072,73.1812,48,28.8,29.9,778.0,Good,2026-10-03 03:25:45,Tier-1
Nashik,19.9975,73.7898,31,10.5,11.1,332.0,Good,2026-10-03 03:25:45,Tier-1
Aurangabad,19.8762,75.3433,40,15.5,19.1,332.0,Good,2026-10-03 03:25:45,Tier-1
Solapur,17.6805,75.9064,52,35.5,50.3,240.0,Moderate,2026-10-03 03:25:46,Tier-2
Kolhapur,16.705,74.2433,51,35.0,46.2,442.0,Moderate,2026-10-03 03:25:46,Tier-2
Jabalpur,23.1815,79.9864,46,25.5,41.6,283.0,Good,2026-10-03 03:25:46,Tier-1
Gwalior,26.2183,78.1828,29,9.5,10.4,201.0,Good,2026-10-03 03:25:47,Tier-1
Raipur,21.2514,81.6296,84,100.1,131.3,388.0,Moderate,2026-10-03 03:25:47,Tier-1
Bilaspur,22.0797,82.1391,62,53.7,95.9,283.0,Moderate,2026-10-03 03:25:48,Tier-3
Dehradun,30.3165,78.0322,65,28.0,34.9,410.0,Moderate,2026-10-03 03:25:48,Tier-2
Haridwar,29.9457,78.1642,67,41.4,56.6,435.0,Moderate,2026-10-03 03:25:48,Tier-3
Meerut,28.9845,77.7064,75,80.8,174.6,497.0,Moderate,2026-10-03 03:25:49,Tier-1
Allahabad,25.4358,81.8463,61,51.2,75.9,360.0,Moderate,2026-10-03 03:28:05,Tier-1
Gorakhpur,26.7606,83.3732,68,66.8,86.8,550.0,Moderate,2026-10-03 03:28:05,Tier-2
Aligarh,27.8974,78.088,92,89.9,238.4,561.0,Moderate,2026-10-03 03:28:05,Tier-2
Bareilly,28.367,79.4304,82,88.5,200.7,415.0,Moderate,2026-10-03 03:28:06,Tier-2
Moradabad,28.8386,78.7733,104,112.2,284.1,452.0,Unhealthy,2026-10-03 03:28:06,Tier-2
Saharanpur,29.964,77.546,77,83.6,165.8,699.0,Moderate,2026-10-03 03:28:06,Tier-2
Faridabad,28.4089,77.3178,106,85.9,294.3,796.0,Unhealthy,2026-10-03 03:28:07,Tier-1
Gurgaon,28.4595,77.0266,106,85.9,294.3,706.0,Unhealthy,2026-10-03 03:28:07,Tier-2
Noida,28.5355,77.391,106,85.9,294.3,1127.0,Unhealthy,2026-10-03 03:28:08,Tier-2
Agartala,23.8315,91.2868,62,54.6,64.7,301.0,Moderate,2026-10-03 03:28:08,Tier-3
Shillong,25.5788,91.8933,68,27.8,31.8,329.0,Moderate,2026-10-03 03:28:08,Tier-3
Imphal,24.817,93.9368,59,17.6,19.6,332.0,Moderate,2026-10-03 03:28:09,Tier-3
Aizawl,23.7271,92.7176,45,23.9,27.9,225.0,Good,2026-10-03 03:28:09,Tier-3
Kohima,25.6701,94.1077,63,24.6,28.6,273.0,Moderate,2026-10-03 03:28:09,Tier-3
Itanagar,27.0844,93.6053,60,31.4,36.2,379.0,Moderate,2026-10-03 03:28:10,Tier-3
Gangtok,27.3314,88.6138,39,14.3,16.4,407.0,Good,2026-10-03 03:28:10,Tier-3
Panaji,15.4909,73.8278,47,27.5,31.3,510.0,Good,2026-10-03 03:28:11,Tier-3
Shimla,31.1048,77.1734,39,14.3,17.6,276.0,Good,2026-10-03 03:28:11,Tier-3
Jammu,32.7266,74.857,59,48.0,52.2,582.0,Moderate,2026-10-03 03:28:46,Tier-2
Srinagar,34.0837,74.7973,53,38.5,47.4,807.0,Moderate,2026-10-03 03:28:47,Tier-1
Mangalore,12.9141,74.856,56,13.0,17.3,266.0,Moderate,2026-10-03 03:30:28,Tier-3
Hubli,15.3647,75.124,49,29.9,39.5,250.0,Good,2026-10-03 03:30:28,Tier-2
Belgaum,15.8497,74.4977,48,28.2,39.6,251.0,Good,2026-10-03 03:30:28,Tier-3
Gulbarga,17.3297,76.8343,54,40.3,56.7,346.0,Moderate,2026-10-03 03:30:29,Tier-2
Davangere,14.4644,75.9218,48,29.0,36.0,271.0,Good,2026-10-03 03:30:29,Tier-3
Bellary,15.1394,76.9214,51,33.5,45.3,208.0,Moderate,2026-10-03 03:30:30,Tier-3
Bikaner,28.0229,73.3119,43,20.4,53.6,170.0,Good,2026-10-03 03:30:30,Tier-2
Ajmer,26.4499,74.6399,38,13.9,21.9,233.0,Good,2026-10-03 03:30:30,Tier-2
Sikar,27.6094,75.1399,43,19.4,41.4,249.0,Good,2026-10-03 03:30:31,Tier-3
Bhilwara,25.3407,74.6313,41,15.9,21.7,240.0,Good,2026-10-03 03:30:31,Tier-3
Dhanbad,23.7957,86.4304,69,67.3,105.9,377.0,Moderate,2026-10-03 03:30:31,Tier-1
Jamshedpur,22.8046,86.2029,69,68.2,98.5,511.0,Moderate,2026-10-03 03:30:32,Tier-2
Bokaro,23.6693,86.1511,71,72.9,108.0,421.0,Moderate,2026-10-03 03:30:32,Tier-2
Durgapur,23.5204,87.3119,85,103.6,125.3,1634.0,Moderate,2026-10-03 03:30:33,Tier-2
Asansol,23.6739,86.9524,71,71.7,105.0,738.0,Moderate,2026-10-03 03:30:33,Tier-1
Siliguri,26.7271,88.3953,67,45.9,53.9,582.0,Moderate,2026-10-03 03:30:33,Tier-2
Rourkela,22.2604,84.8536,68,62.6,95.5,550.0,Moderate,2026-10-03 03:32:49,Tier-3
Berhampur,19.315,84.7941,64,53.8,76.1,350.0,Moderate,2026-10-03 03:32:50,Tier-3
Tirupati,13.6288,79.4192,54,39.0,62.9,184.0,Moderate,2026-10-03 03:32:50,Tier-3
Kakinada,16.9891,82.2475,52,36.4,48.1,270.0,Moderate,2026-10-03 03:32:50,Tier-3
Rajahmundry,17.0005,81.804,61,52.0,75.0,291.0,Moderate,2026-10-03 03:32:51,Tier-3
Anantapur,14.6819,77.6006,51,33.6,49.8,216.0,Moderate,2026-10-03 03:32:51,Tier-3
Nizamabad,18.6725,78.0941,53,38.4,59.6,299.0,Moderate,2026-10-03 03:32:51,Tier-3
Karimnagar,18.4386,79.1288,60,49.2,70.3,484.0,Moderate,2026-10-03 03:32:52,Tier-3
