city,lat,lon,aqi_index,pm2_5,pm10,co,air_quality_label,timestamp
Visakhapatnam,17.6868,83.2185,66,62.4,75.0,935.0,Moderate,2026-09-30 03:31:32
Bangalore,12.9716,77.5946,45,23.1,25.6,644.0,Good,2026-09-30 03:31:33
Mumbai,19.076,72.8777,44,21.2,29.0,571.0,Good,2026-09-30 03:31:33
Pune,18.5204,73.8567,58,46.0,50.9,518.0,Moderate,2026-09-30 03:31:34
Delhi,28.6139,77.209,60,50.1,107.3,1066.0,Moderate,2026-09-30 03:31:34
Chennai,13.0827,80.2707,57,36.3,40.5,546.0,Moderate,2026-09-30 03:31:35
Kolkata,22.5726,88.3639,72,74.3,81.3,878.0,Moderate,2026-09-30 03:31:35
Hyderabad,17.385,78.4867,69,41.4,82.2,987.0,Moderate,2026-09-30 03:31:36
Ahmedabad,23.0225,72.5714,43,21.0,33.5,327.0,Good,2026-09-30 03:31:36
Jaipur,26.9124,75.7873,53,37.6,62.9,375.0,Moderate,2026-09-30 03:31:37
Lucknow,26.8467,80.9462,67,49.5,145.8,518.0,Moderate,2026-09-30 03:31:38
Bhopal,23.2599,77.4126,51,34.8,67.1,416.0,Moderate,2026-09-30 03:31:38
Nagpur,21.1458,79.0882,51,34.6,70.1,316.0,Moderate,2026-09-30 03:31:39
Indore,22.7196,75.8577,48,28.8,55.5,524.0,Good,2026-09-30 03:33:55
Surat,21.1702,72.8311,67,63.8,79.4,462.0,Moderate,2026-09-30 03:33:55
Coimbatore,11.0168,76.9558,32,10.8,13.9,227.0,Good,2026-09-30 03:33:56
Kochi,9.9312,76.2673,38,14.0,18.2,216.0,Good,2026-09-30 03:33:57
Chandigarh,30.7333,76.7794,51,34.0,34.1,988.0,Moderate,2026-09-30 03:33:57
Varanasi,25.3176,82.9739,47,27.5,33.8,471.0,Good,2026-09-30 03:33:58
Agra,27.1767,78.0081,74,58.7,174.2,637.0,Moderate,2026-09-30 03:33:58
Ranchi,23.3441,85.3096,47,27.4,41.4,189.0,Good,2026-09-30 03:33:59
Mysore,12.2958,76.6394,40,11.7,13.2,265.0,Good,2026-09-30 03:33:59
Guwahati,26.1445,91.7362,58,27.9,30.6,391.0,Moderate,2026-09-30 03:34:00
Bhubaneswar,20.2961,85.8245,61,46.4,73.1,358.0,Moderate,2026-09-30 03:34:00
Amritsar,31.634,74.8723,51,34.3,38.1,800.0,Moderate,2026-09-30 03:34:01
Ludhiana,30.901,75.8573,61,51.1,53.4,1116.0,Moderate,2026-09-30 03:34:02
Jodhpur,26.2389,73.0243,45,23.5,57.0,163.0,Good,2026-09-30 03:34:02
Kota,25.2138,75.8648,47,26.9,48.9,263.0,Good,2026-09-30 03:36:18
Thiruvananthapuram,8.5241,76.9366,29,9.3,14.1,217.0,Good,2026-09-30 03:36:19
Kozhikode,11.2588,75.7804,27,8.6,13.1,357.0,Good,2026-09-30 03:36:19
Thrissur,10.5276,76.2144,36,13.1,17.3,217.0,Good,2026-09-30 03:36:20
Madurai,9.9252,78.1198,42,12.4,13.8,266.0,Good,2026-09-30 03:36:21
Tiruchirappalli,10.7905,78.7047,41,15.9,18.8,273.0,Good,2026-09-30 03:36:21
Salem,11.6643,78.146,45,23.3,26.7,200.0,Good,2026-09-30 03:36:22
Tirunelveli,8.7139,77.7567,32,10.9,14.9,150.0,Good,2026-09-30 03:36:22
Vijayawada,16.5062,80.648,57,44.2,57.6,379.0,Moderate,2026-09-30 03:36:23
Guntur,16.3067,80.4365,57,45.2,62.6,412.0,Moderate,2026-09-30 03:36:23
Nellore,14.4426,79.9865,65,37.6,44.4,216.0,Moderate,2026-09-30 03:36:24
Warangal,17.9784,79.5941,64,42.1,74.3,341.0,Moderate,2026-09-30 03:36:24
Rajkot,22.3039,70.8022,41,16.1,32.8,145.0,Good,2026-09-30 03:36:25
Nashik,19.9975,73.7898,60,50.5,58.6,273.0,Moderate,2026-09-30 03:38:06
Aurangabad,19.8762,75.3433,44,21.9,37.6,267.0,Good,2026-09-30 03:38:42
Solapur,17.6805,75.9064,53,38.1,48.7,218.0,Moderate,2026-09-30 03:38:42
Kolhapur,16.705,74.2433,50,23.3,26.1,300.0,Good,2026-09-30 03:38:43
Jabalpur,23.1815,79.9864,50,32.8,66.1,253.0,Good,2026-09-30 03:38:43
Gwalior,26.2183,78.1828,47,27.1,56.1,271.0,Good,2026-09-30 03:38:44
Raipur,21.2514,81.6296,66,61.9,102.7,253.0,Moderate,2026-09-30 03:38:45
Bilaspur,22.0797,82.1391,52,36.8,66.6,256.0,Moderate,2026-09-30 03:38:45
Dehradun,30.3165,78.0322,39,10.0,10.2,398.0,Good,2026-09-30 03:38:46
Haridwar,29.9457,78.1642,57,45.1,91.0,569.0,Moderate,2026-09-30 03:38:46
Meerut,28.9845,77.7064,62,54.8,125.7,506.0,Moderate,2026-09-30 03:38:47
Kanpur,26.4499,80.3319,65,48.2,140.2,458.0,Moderate,2026-09-30 03:38:47
Allahabad,25.4358,81.8463,49,31.0,47.5,375.0,Good,2026-09-30 03:38:48
Gorakhpur,26.7606,83.3732,56,43.3,45.6,474.0,Moderate,2026-09-30 03:38:48
Aligarh,27.8974,78.088,79,62.6,191.4,562.0,Moderate,2026-09-30 03:39:24
Bareilly,28.367,79.4304,69,66.1,152.3,475.0,Moderate,2026-09-30 03:40:00
Moradabad,28.8386,78.7733,68,66.8,137.8,536.0,Moderate,2026-09-30 03:40:00
Faridabad,28.4089,77.3178,100,71.2,269.2,792.0,Moderate,2026-09-30 03:41:42
Gurgaon,28.4595,77.0266,100,71.2,269.2,738.0,Moderate,2026-09-30 03:41:42
Noida,28.5355,77.391,100,71.2,269.2,990.0,Moderate,2026-09-30 03:41:43
Agartala,23.8315,91.2868,65,43.5,46.3,422.0,Moderate,2026-09-30 03:41:43
Shillong,25.5788,91.8933,59,18.3,19.8,230.0,Moderate,2026-09-30 03:41:44
Imphal,24.817,93.9368,23,3.3,3.4,242.0,Good,2026-09-30 03:41:44
Aizawl,23.7271,92.7176,37,13.4,14.2,185.0,Good,2026-09-30 03:41:45
Kohima,25.6701,94.1077,24,3.2,3.3,201.0,Good,2026-09-30 03:41:45
Itanagar,27.0844,93.6053,42,10.2,10.8,253.0,Good,2026-09-30 03:41:46
Gangtok,27.3314,88.6138,46,14.7,16.5,265.0,Good,2026-09-30 03:41:46
Panaji,15.4909,73.8278,41,17.2,19.3,237.0,Good,2026-09-30 03:41:47
Shimla,31.1048,77.1734,25,7.7,8.9,263.0,Good,2026-09-30 03:41:48
Srinagar,34.0837,74.7973,53,38.3,40.7,762.0,Moderate,2026-09-30 03:44:04
Leh,34.1526,77.5771,31,5.8,11.9,157.0,Good,2026-09-30 03:44:04
Mangalore,12.9141,74.856,42,17.8,23.9,251.0,Good,2026-09-30 03:44:05
Hubli,15.3647,75.124,44,14.6,16.8,226.0,Good,2026-09-30 03:44:06
Belgaum,15.8497,74.4977,43,19.5,22.4,241.0,Good,2026-09-30 03:44:06
Gulbarga,17.3297,76.8343,54,39.8,48.1,267.0,Moderate,2026-09-30 03:44:07
Davangere,14.4644,75.9218,35,9.3,10.6,192.0,Good,2026-09-30 03:44:07
Bellary,15.1394,76.9214,43,21.0,23.7,224.0,Good,2026-09-30 03:44:08
Bikaner,28.0229,73.3119,45,23.5,50.6,154.0,Good,2026-09-30 03:44:08
Ajmer,26.4499,74.6399,46,26.0,49.7,190.0,Good,2026-09-30 03:44:09
Sikar,27.6094,75.1399,51,33.6,80.1,278.0,Moderate,2026-09-30 03:44:09
Bhilwara,25.3407,74.6313,44,22.6,53.4,163.0,Good,2026-09-30 03:44:10
Dhanbad,23.7957,86.4304,59,48.8,59.8,355.0,Moderate,2026-09-30 03:44:11
Jamshedpur,22.8046,86.2029,61,52.0,66.8,321.0,Moderate,2026-09-30 03:44:11
Bokaro,23.6693,86.1511,58,47.0,59.6,379.0,Moderate,2026-09-30 03:44:12
Durgapur,23.5204,87.3119,58,47.3,56.3,411.0,Moderate,2026-09-30 03:45:23
Asansol,23.6739,86.9524,57,44.9,54.6,382.0,Moderate,2026-09-30 03:45:58
Siliguri,26.7271,88.3953,67,30.0,31.9,750.0,Moderate,2026-09-30 03:45:59
Cuttack,20.4625,85.883,61,46.4,73.1,297.0,Moderate,2026-09-30 03:45:59
Rourkela,22.2604,84.8536,61,51.0,70.1,587.0,Moderate,2026-09-30 03:47:10
Berhampur,19.315,84.7941,61,42.6,65.9,290.0,Moderate,2026-09-30 03:47:46
Tirupati,13.6288,79.4192,50,25.8,29.9,265.0,Good,2026-09-30 03:48:22
Kakinada,16.9891,82.2475,70,46.2,61.2,530.0,Moderate,2026-09-30 03:48:22
Anantapur,14.6819,77.6006,47,20.3,23.1,208.0,Good,2026-09-30 03:50:03
Nizamabad,18.6725,78.0941,56,42.7,74.7,349.0,Moderate,2026-09-30 03:50:04
Karimnagar,18.4386,79.1288,55,41.8,84.8,341.0,Moderate,2026-09-30 03:50:04
